INSERT INTO artist (id, nickname)
	VALUES (1, 'Kipelov'),
	       (2, 'Лесоповал'),
		   (3, 'Алла Пугачева'),
	       (4, 'Король и шут'),
		   (5, 'Муслим Магомаев'),
		   (6, 'Надежда Бабкина'),
		   (7, 'Самоцветы'),
		   (8, 'Монеточка');
		   
INSERT INTO artist (id, nickname)
	VALUES 
		   
		   
INSERT INTO album (id, album_name, year_of_issue)
	VALUES (1, 'Каменный утес', '1998-01-01'),
		   (2, 'Купола', '2019-01-01'),
		   (3, 'Арлекино', '1984-01-01'),
		   (4, 'Мертвый анархист', '2004-01-01'),
		   (5, 'Москва', '1976-01-01'),
		   (6, 'Играй гармонь', '1996-01-01'),
		   (7, 'Синяя птица', '1984-01-01'),
		   (8, 'Червоточина', '2018-01-01');
		   
INSERT INTO album_artist(id_album, id_artist)
	VALUES (1, 1),
	       (2, 2),
		   (3, 3),
		   (4, 4),
		   (5, 5),
		   (6, 6),
		   (7, 7),
		   (8, 8);
		   
INSERT INTO genre (id, genre_name)
	VALUES (1, 'Rock'),
	       (2, 'Chanson'),
		   (3, 'Estrade'),
		   (4, 'Punk'),
		   (5, 'Folk');

INSERT INTO genreartist (genre_id, artist_id)
	VALUES (1, 1),
	       (2, 2),
		   (3, 3),
		   (4, 4),
		   (3, 5),
		   (5, 6),
		   (3, 7),
		   (3, 8);

INSERT INTO track (id, track_name, duration, id_album)
	VALUES (1, 'Свинцовый шторм', 3.48, 1),
	       (2, 'Шальная пуля', 5.24, 2),
		   (3, 'Арлекино', 3.36, 3),
		   (4, 'Мой колдун', 3.14, 4),
		   (5, 'Мой Лучший город Земли', 4.28, 5),
		   (6, 'Поле васильков', 3.47, 6),
		   (7, 'Трубадур', 4.36, 7),
		   (8, 'Кислород', 2.54, 8),
		   (9, 'Арес', 3.45, 1),
		   (10, 'Пила-дружба', 4.14, 2),
		   (11, 'Полковник', 3.14, 3),
		   (12, 'Леший', 3.28, 4),
		   (13, 'Надежда', 5.12, 5),
		   (14, 'Охота', 4.11, 6),
		   (15, 'Солнечный удар', 3.40, 7);
		   
INSERT INTO collection (id, collection_name, year_of_issue)
	VALUES (1, 'Rock Legends', '2020-01-01'),
	       (2, 'Шлягеры русского шансона', '2007-01-01'),
		   (3, 'Дискотека семидесятых', '2009-01-01'),
		   (4, 'Панки хой', '2002-01-01'),
		   (5, 'Наши народные', '2019-01-01'),
		   (6, 'Песни о Москве', '2017-01-01'),
		   (7, 'Ария и прочие', '1999-01-01'),
		   (8, 'Советское наследие', '2001-01-01');
		   
INSERT INTO track_collection (id_track, id_collection)
	VALUES (1, 1),
	       (2, 2),
		   (3, 3),
		   (4, 4),
		   (5, 6),
		   (5, 3),
		   (6, 5),
		   (7, 8),
		   (7, 3),
		   (8, 1),
		   (9, 1),
		   (10, 2),
		   (11, 3),
		   (12, 4),
		   (13, 8),
		   (15, 5);